-- Seed data for AfroScholarHub Ambassadors Site
-- This file contains initial data for all tables to support the application

-- Insert countries with enhanced data structure
INSERT INTO countries (code, name, flag_emoji, currency, timezone, active, settings) VALUES
('USA', 'United States', '🇺🇸', 'USD', 'America/New_York', true, '{"region": "North America", "language": "en"}'),
('KEN', 'Kenya', '🇰🇪', 'KES', 'Africa/Nairobi', true, '{"region": "East Africa", "language": "en"}'),
('NGA', 'Nigeria', '🇳🇬', 'NGN', 'Africa/Lagos', true, '{"region": "West Africa", "language": "en"}'),
('ZAF', 'South Africa', '🇿🇦', 'ZAR', 'Africa/Johannesburg', true, '{"region": "Southern Africa", "language": "en"}'),
('GHA', 'Ghana', '🇬🇭', 'GHS', 'Africa/Accra', true, '{"region": "West Africa", "language": "en"}'),
('ETH', 'Ethiopia', '🇪🇹', 'ETB', 'Africa/Addis_Ababa', true, '{"region": "East Africa", "language": "en"}'),
('UGA', 'Uganda', '🇺🇬', 'UGX', 'Africa/Kampala', true, '{"region": "East Africa", "language": "en"}'),
('TZA', 'Tanzania', '🇹🇿', 'TZS', 'Africa/Dar_es_Salaam', true, '{"region": "East Africa", "language": "en"}');

-- Insert management user
INSERT INTO users (id, email, full_name, role, country_code, status, onboarding_completed, preferences) VALUES
('550e8400-e29b-41d4-a716-446655440000', 'admin@afroscholarhub.com', 'System Administrator', 'management', NULL, 'active', true, '{"theme": "dark", "notifications": true}');

-- Insert country leads
INSERT INTO users (id, email, full_name, role, country_code, status, onboarding_completed, preferences) VALUES
('550e8400-e29b-41d4-a716-446655440001', 'lead@usa.afroscholarhub.com', 'Sarah Johnson', 'country_lead', 'USA', 'active', true, '{"theme": "light", "notifications": true}'),
('550e8400-e29b-41d4-a716-446655440002', 'lead@ken.afroscholarhub.com', 'David Kiprop', 'country_lead', 'KEN', 'active', true, '{"theme": "light", "notifications": true}'),
('550e8400-e29b-41d4-a716-446655440003', 'lead@nga.afroscholarhub.com', 'Amara Okafor', 'country_lead', 'NGA', 'active', true, '{"theme": "light", "notifications": true}'),
('550e8400-e29b-41d4-a716-446655440004', 'lead@zaf.afroscholarhub.com', 'Thabo Nkosi', 'country_lead', 'ZAF', 'active', true, '{"theme": "light", "notifications": true}');

-- Update countries with lead IDs
UPDATE countries SET lead_id = '550e8400-e29b-41d4-a716-446655440001' WHERE code = 'USA';
UPDATE countries SET lead_id = '550e8400-e29b-41d4-a716-446655440002' WHERE code = 'KEN';
UPDATE countries SET lead_id = '550e8400-e29b-41d4-a716-446655440003' WHERE code = 'NGA';
UPDATE countries SET lead_id = '550e8400-e29b-41d4-a716-446655440004' WHERE code = 'ZAF';

-- Insert ambassadors
INSERT INTO users (id, email, full_name, role, country_code, status, onboarding_completed, preferences) VALUES
('550e8400-e29b-41d4-a716-446655440010', 'john.doe@afroscholarhub.com', 'John Doe', 'ambassador', 'USA', 'active', true, '{"theme": "light", "notifications": true}'),
('550e8400-e29b-41d4-a716-446655440011', 'jane.smith@afroscholarhub.com', 'Jane Smith', 'ambassador', 'USA', 'active', true, '{"theme": "light", "notifications": true}'),
('550e8400-e29b-41d4-a716-446655440012', 'mike.wilson@afroscholarhub.com', 'Mike Wilson', 'ambassador', 'KEN', 'active', true, '{"theme": "light", "notifications": true}'),
('550e8400-e29b-41d4-a716-446655440013', 'grace.mwangi@afroscholarhub.com', 'Grace Mwangi', 'ambassador', 'KEN', 'active', true, '{"theme": "light", "notifications": true}'),
('550e8400-e29b-41d4-a716-446655440014', 'chinedu.adebayo@afroscholarhub.com', 'Chinedu Adebayo', 'ambassador', 'NGA', 'active', true, '{"theme": "light", "notifications": true}'),
('550e8400-e29b-41d4-a716-446655440015', 'nkechi.okoro@afroscholarhub.com', 'Nkechi Okoro', 'ambassador', 'NGA', 'active', true, '{"theme": "light", "notifications": true}');

-- Insert support user
INSERT INTO users (id, email, full_name, role, country_code, status, onboarding_completed, preferences) VALUES
('550e8400-e29b-41d4-a716-446655440020', 'support@afroscholarhub.com', 'Support Team', 'support', NULL, 'active', true, '{"theme": "light", "notifications": true}');

-- Insert sample schools with enhanced data structure
INSERT INTO schools (id, name, location, address, city, country_code, region, type, status, contact_person, contact_email, contact_phone, student_count, ambassador_id, notes, score, conversion_probability, potential, facilities, demographics, challenges, opportunities, metadata) VALUES
('660e8400-e29b-41d4-a716-446655440000', 'Lincoln High School', 'Springfield, IL', '123 Main St, Springfield, IL 62701', 'Springfield', 'USA', 'Midwest', 'secondary', 'partnered', 'Principal Adams', 'adams@lincoln.edu', '+1-217-555-0123', 1200, '550e8400-e29b-41d4-a716-446655440010', 'Excellent STEM program already in place', 85, 95, 'high', '{"library": true, "computer_lab": true, "internet": true, "science_lab": true}', '{"age_groups": {"13-15": 40, "16-18": 60}, "gender_distribution": {"male": 48, "female": 52}}', ARRAY['Limited international partnerships', 'Budget constraints'], ARRAY['Strong community support', 'Active alumni network'], '{"partnership_date": "2023-09-15", "last_contact": "2024-01-15"}'),
('660e8400-e29b-41d4-a716-446655440001', 'Washington Elementary', 'Seattle, WA', '456 Oak Ave, Seattle, WA 98101', 'Seattle', 'USA', 'West', 'primary', 'visited', 'Principal Brown', 'brown@washington.edu', '+1-206-555-0456', 450, '550e8400-e29b-41d4-a716-446655440011', 'Very interested in digital literacy programs', 70, 75, 'medium', '{"library": true, "computer_lab": true, "internet": true}', '{"age_groups": {"5-8": 60, "9-12": 40}, "gender_distribution": {"male": 50, "female": 50}}', ARRAY['Technology access inequality'], ARRAY['Strong parental involvement', 'Community center nearby'], '{"last_visit": "2024-01-20", "next_action": "Follow-up meeting"}'),
('660e8400-e29b-41d4-a716-446655440002', 'Jefferson Middle School', 'Austin, TX', '789 Pine St, Austin, TX 73301', 'Austin', 'USA', 'South', 'secondary', 'prospect', 'Principal Davis', 'davis@jefferson.edu', '+1-512-555-0789', 800, '550e8400-e29b-41d4-a716-446655440010', 'New principal, open to innovative programs', 60, 60, 'medium', '{"library": true, "computer_lab": false, "internet": true, "science_lab": true}', '{"age_groups": {"11-13": 70, "14-15": 30}, "gender_distribution": {"male": 52, "female": 48}}', ARRAY['Limited technology resources', 'Large class sizes'], ARRAY['Growing district', 'Strong sports programs'], '{"initial_contact": "2024-01-10", "priority": "medium"}'),
('660e8400-e29b-41d4-a716-446655440003', 'Nairobi International School', 'Nairobi', 'Westlands Road, Nairobi, Kenya', 'Nairobi', 'KEN', 'Nairobi', 'secondary', 'partnered', 'Principal Kiprop', 'kiprop@nairobi.edu', '+254-20-555-0123', 950, '550e8400-e29b-41d4-a716-446655440012', 'Leading school in international education', 90, 98, 'high', '{"library": true, "computer_lab": true, "internet": true, "science_lab": true, "language_lab": true}', '{"age_groups": {"13-15": 45, "16-18": 55}, "gender_distribution": {"male": 47, "female": 53}}', ARRAY['High operational costs'], ARRAY['Strong international partnerships', 'Excellent facilities'], '{"partnership_date": "2023-08-20", "programs": ["STEM", "Leadership"]}'),
('660e8400-e29b-41d4-a716-446655440004', 'Mombasa Academy', 'Mombasa', 'Moi Avenue, Mombasa, Kenya', 'Mombasa', 'KEN', 'Coast', 'primary', 'visited', 'Principal Wanjiku', 'wanjiku@mombasa.edu', '+254-41-555-0456', 600, '550e8400-e29b-41d4-a716-446655440013', 'Coastal location provides unique opportunities', 75, 80, 'high', '{"library": true, "computer_lab": true, "internet": true}', '{"age_groups": {"5-10": 65, "11-13": 35}, "gender_distribution": {"male": 49, "female": 51}}', ARRAY['Salt water corrosion on equipment'], ARRAY['Tourism industry partnerships', 'Marine biology programs'], '{"last_visit": "2024-01-25", "special_programs": ["Marine Science"]}'),
('660e8400-e29b-41d4-a716-446655440005', 'Lagos Grammar School', 'Lagos', 'Victoria Island, Lagos, Nigeria', 'Lagos', 'NGA', 'Lagos', 'secondary', 'partnered', 'Principal Adebayo', 'adebayo@lagos.edu', '+234-1-555-0123', 1100, '550e8400-e29b-41d4-a716-446655440014', 'Premier school with strong academic reputation', 88, 92, 'high', '{"library": true, "computer_lab": true, "internet": true, "science_lab": true, "auditorium": true}', '{"age_groups": {"12-15": 50, "16-18": 50}, "gender_distribution": {"male": 51, "female": 49}}', ARRAY['Traffic congestion affects scheduling'], ARRAY['Business community connections', 'Alumni in tech industry'], '{"partnership_date": "2023-10-05", "focus_areas": ["Technology", "Business"]}'),
('660e8400-e29b-41d4-a716-446655440006', 'Abuja International School', 'Abuja', 'Wuse II, Abuja, Nigeria', 'Abuja', 'NGA', 'FCT', 'primary', 'prospect', 'Principal Okoro', 'okoro@abuja.edu', '+234-9-555-0456', 750, '550e8400-e29b-41d4-a716-446655440015', 'Modern facilities, government school', 65, 70, 'medium', '{"library": true, "computer_lab": true, "internet": true, "playground": true}', '{"age_groups": {"4-8": 55, "9-12": 45}, "gender_distribution": {"male": 50, "female": 50}}', ARRAY['Bureaucratic processes'], ARRAY['Government partnerships', 'Central location'], '{"initial_contact": "2024-01-15", "priority": "high"}');

-- Insert sample visits with enhanced data structure
INSERT INTO visits (id, school_id, ambassador_id, visit_date, start_time, end_time, duration_minutes, students_reached, activities, notes, photos, documents, leads_generated, feedback, follow_up_required, follow_up_date, weather_conditions, transportation_used, challenges_faced, success_metrics, status) VALUES
('770e8400-e29b-41d4-a716-446655440000', '660e8400-e29b-41d4-a716-446655440000', '550e8400-e29b-41d4-a716-446655440010', '2024-01-15', '09:00:00', '11:00:00', 120, 150, ARRAY['STEM Workshop', 'Career Guidance'], 'Great engagement with students, teachers very receptive', ARRAY['https://photos.afroscholarhub.com/visit1_1.jpg', 'https://photos.afroscholarhub.com/visit1_2.jpg'], ARRAY['https://docs.afroscholarhub.com/attendance_sheet.pdf'], 25, '{"rating": 5, "comments": "Excellent session, students were very engaged"}', true, '2024-02-15', 'Clear skies, 15°C', 'Personal vehicle', ARRAY['Parking was limited'], '{"engagement_rate": 0.85, "knowledge_gain": 0.78, "interest_level": 0.92}', 'completed'),
('770e8400-e29b-41d4-a716-446655440001', '660e8400-e29b-41d4-a716-446655440001', '550e8400-e29b-41d4-a716-446655440011', '2024-01-20', '10:00:00', '11:30:00', 90, 80, ARRAY['Digital Literacy Session'], 'Students showed high interest, some had basic coding experience already', ARRAY['https://photos.afroscholarhub.com/visit2_1.jpg'], ARRAY['https://docs.afroscholarhub.com/session_notes.pdf'], 15, '{"rating": 4, "comments": "Good foundation, need more advanced content"}', true, '2024-02-10', 'Overcast, 12°C', 'Public transport', ARRAY['Late arrival due to traffic'], '{"engagement_rate": 0.78, "knowledge_gain": 0.65, "interest_level": 0.88}', 'completed'),
('770e8400-e29b-41d4-a716-446655440002', '660e8400-e29b-41d4-a716-446655440003', '550e8400-e29b-41d4-a716-446655440012', '2024-01-25', '08:30:00', '11:00:00', 150, 200, ARRAY['Science Fair', 'Mentorship Program'], 'Very successful visit, students presented amazing projects', ARRAY['https://photos.afroscholarhub.com/visit3_1.jpg', 'https://photos.afroscholarhub.com/visit3_2.jpg', 'https://photos.afroscholarhub.com/visit3_3.jpg'], ARRAY['https://docs.afroscholarhub.com/project_presentations.pdf'], 45, '{"rating": 5, "comments": "Outstanding student projects, very impressed"}', false, NULL, 'Sunny, 28°C', 'School transport', ARRAY['None'], '{"engagement_rate": 0.95, "knowledge_gain": 0.88, "interest_level": 0.97}', 'completed'),
('770e8400-e29b-41d4-a716-446655440003', '660e8400-e29b-41d4-a716-446655440005', '550e8400-e29b-41d4-a716-446655440014', '2024-02-01', '09:30:00', '11:30:00', 120, 120, ARRAY['Art and Technology'], 'Creative session with local artists, students very enthusiastic', ARRAY['https://photos.afroscholarhub.com/visit4_1.jpg', 'https://photos.afroscholarhub.com/visit4_2.jpg'], ARRAY['https://docs.afroscholarhub.com/artwork_collection.pdf'], 30, '{"rating": 5, "comments": "Perfect blend of creativity and technology"}', true, '2024-03-01', 'Humid, 32°C', 'Rideshare', ARRAY['High humidity affected equipment'], '{"engagement_rate": 0.90, "knowledge_gain": 0.82, "interest_level": 0.95}', 'completed');

-- Insert sample tasks with enhanced data structure
INSERT INTO tasks (id, title, description, priority, status, due_date, completed_date, progress, school_id, ambassador_id, created_by, assignor_id, tags, attachments, estimated_hours, actual_hours, dependencies, watchers, recurring_pattern, parent_task_id) VALUES
('880e8400-e29b-41d4-a716-446655440000', 'Follow up with Lincoln High', 'Schedule next STEM workshop and follow up on partnership renewal', 'High', 'Pending', '2024-02-15', NULL, 25, '660e8400-e29b-41d4-a716-446655440000', '550e8400-e29b-41d4-a716-446655440010', '550e8400-e29b-41d4-a716-446655440001', '550e8400-e29b-41d4-a716-446655440001', ARRAY['STEM', 'Workshop', 'Partnership'], ARRAY['https://docs.afroscholarhub.com/stem_proposal.pdf'], 8.0, NULL, ARRAY[], ARRAY['550e8400-e29b-41d4-a716-446655440001'], NULL, NULL),
('880e8400-e29b-41d4-a716-446655440001', 'Prepare workshop materials', 'Create presentation and materials for digital literacy workshop', 'Medium', 'In Progress', '2024-02-10', NULL, 60, '660e8400-e29b-41d4-a716-446655440001', '550e8400-e29b-41d4-a716-446655440011', '550e8400-e29b-41d4-a716-446655440001', '550e8400-e29b-41d4-a716-446655440001', ARRAY['Digital', 'Literacy', 'Materials'], ARRAY['https://docs.afroscholarhub.com/workshop_slides.pptx'], 12.0, 7.5, ARRAY[], ARRAY['550e8400-e29b-41d4-a716-446655440001'], NULL, NULL),
('880e8400-e29b-41d4-a716-446655440002', 'Contact Nairobi International', 'Discuss partnership renewal and new program opportunities', 'High', 'Completed', '2024-01-30', '2024-01-28', 100, '660e8400-e29b-41d4-a716-446655440003', '550e8400-e29b-41d4-a716-446655440012', '550e8400-e29b-41d4-a716-446655440002', '550e8400-e29b-41d4-a716-446655440002', ARRAY['Partnership', 'Renewal', 'Programs'], ARRAY['https://docs.afroscholarhub.com/partnership_agreement.pdf'], 4.0, 3.5, ARRAY[], ARRAY['550e8400-e29b-41d4-a716-446655440002'], NULL, NULL),
('880e8400-e29b-41d4-a716-446655440003', 'Organize Lagos event', 'Plan community outreach event for technology awareness', 'Medium', 'Pending', '2024-03-01', NULL, 10, '660e8400-e29b-41d4-a716-446655440005', '550e8400-e29b-41d4-a716-446655440014', '550e8400-e29b-41d4-a716-446655440003', '550e8400-e29b-41d4-a716-446655440003', ARRAY['Event', 'Community', 'Technology'], ARRAY['https://docs.afroscholarhub.com/event_plan.docx'], 20.0, NULL, ARRAY['880e8400-e29b-41d4-a716-446655440000'], ARRAY['550e8400-e29b-41d4-a716-446655440003'], 'monthly', NULL);

-- Insert sample events with enhanced data structure
INSERT INTO events (id, name, description, event_date, start_time, end_time, location, address, country_code, region, event_type, expected_attendance, actual_attendance, budget, actual_cost, status, organizer_id, created_by, participants, speakers, agenda, resources_needed, equipment_needed, catering_required, registration_link, meeting_link, outcomes, feedback, photos, documents, social_media_posts) VALUES
('990e8400-e29b-41d4-a716-446655440000', 'STEM Career Day', 'Interactive STEM workshops for high school students featuring industry professionals', '2024-03-15', '09:00:00', '16:00:00', 'Lincoln High School', '123 Main St, Springfield, IL 62701', 'USA', 'Midwest', 'workshop', 200, NULL, 5000.00, NULL, 'planned', '550e8400-e29b-41d4-a716-446655440001', '550e8400-e29b-41d4-a716-446655440001', '[{"name": "John Doe", "role": "facilitator"}, {"name": "Jane Smith", "role": "assistant"}]', '[{"name": "Dr. Sarah Johnson", "topic": "Future of Technology"}, {"name": "Prof. Mike Wilson", "topic": "Engineering Careers"}]', '{"09:00-09:30": "Registration", "09:30-10:30": "Opening Keynote", "10:30-12:00": "Workshop Session 1", "12:00-13:00": "Lunch Break", "13:00-14:30": "Workshop Session 2", "14:30-15:30": "Panel Discussion", "15:30-16:00": "Closing"}', ARRAY['Projector', 'Microphones', 'Workshop materials'], ARRAY['Laptops (20)', 'Projector', 'Sound system', 'Whiteboards'], true, 'https://events.afroscholarhub.com/stem-career-day', NULL, NULL, '{}', ARRAY['https://photos.afroscholarhub.com/event1_promo.jpg'], ARRAY['https://docs.afroscholarhub.com/event_budget.xlsx'], ARRAY['https://twitter.com/afroscholarhub/status/123456']),
('990e8400-e29b-41d4-a716-446655440001', 'Digital Skills Workshop', 'Introduction to coding and digital tools for primary students', '2024-02-20', '10:00:00', '15:00:00', 'Nairobi International School', 'Westlands Road, Nairobi, Kenya', 'KEN', 'Nairobi', 'workshop', 150, NULL, 3000.00, NULL, 'planned', '550e8400-e29b-41d4-a716-446655440002', '550e8400-e29b-41d4-a716-446655440002', '[{"name": "Grace Mwangi", "role": "lead_facilitator"}, {"name": "David Kiprop", "role": "coordinator"}]', '[{"name": "Ms. Amina Hassan", "topic": "Basic Coding"}, {"name": "Mr. Peter Oduya", "topic": "Digital Safety"}]', '{"10:00-10:30": "Welcome and Icebreakers", "10:30-12:00": "Coding Basics", "12:00-13:00": "Lunch", "13:00-14:30": "Digital Tools", "14:30-15:00": "Q&A and Certificates"}', ARRAY['Coding software licenses', 'Tablets for students'], ARRAY['Tablets (30)', 'Projector', 'Internet connection', 'Coding software'], true, 'https://events.afroscholarhub.com/digital-skills', NULL, NULL, '{}', ARRAY['https://photos.afroscholarhub.com/digital_workshop.jpg'], ARRAY['https://docs.afroscholarhub.com/workshop_materials.zip'], ARRAY['https://facebook.com/afroscholarhub/posts/789012']),
('990e8400-e29b-41d4-a716-446655440002', 'Youth Leadership Summit', 'Leadership development for young Africans interested in education', '2024-04-10', '08:00:00', '17:00:00', 'Lagos Grammar School', 'Victoria Island, Lagos, Nigeria', 'NGA', 'Lagos', 'conference', 300, NULL, 8000.00, NULL, 'planned', '550e8400-e29b-41d4-a716-446655440003', '550e8400-e29b-41d4-a716-446655440003', '[{"name": "Chinedu Adebayo", "role": "organizer"}, {"name": "Nkechi Okoro", "role": "facilitator"}]', '[{"name": "Dr. Amara Okafor", "topic": "Educational Leadership"}, {"name": "Mrs. Funmi Adebayo", "topic": "Community Impact"}]', '{"08:00-09:00": "Registration", "09:00-10:00": "Opening Ceremony", "10:00-12:00": "Leadership Workshop 1", "12:00-13:00": "Networking Lunch", "13:00-15:00": "Leadership Workshop 2", "15:00-16:00": "Panel Discussion", "16:00-17:00": "Closing and Certificates"}', ARRAY['Conference hall', 'Audio-visual equipment'], ARRAY['Microphones', 'Projector', 'Sound system', 'Seating (300)', 'Recording equipment'], true, 'https://events.afroscholarhub.com/youth-summit', NULL, NULL, '{}', ARRAY['https://photos.afroscholarhub.com/summit_announcement.jpg'], ARRAY['https://docs.afroscholarhub.com/summit_schedule.pdf'], ARRAY['https://linkedin.com/company/afroscholarhub/post/345678']);

-- Insert sample resources with enhanced data structure
INSERT INTO resources (id, title, description, category, sub_category, type, file_url, file_type, file_size, thumbnail_url, tags, country_specific, applicable_countries, access_level, featured, downloads, views, rating, rating_count, version, language, prerequisites, learning_objectives, duration_minutes, difficulty_level, created_by, approved_by, approved_at, expires_at) VALUES
('aa0e8400-e29b-41d4-a716-446655440000', 'STEM Workshop Guide', 'Comprehensive guide for conducting STEM workshops in high schools', 'Education', 'STEM', 'guide', 'https://resources.afroscholarhub.com/stem-guide.pdf', 'pdf', 2048576, 'https://resources.afroscholarhub.com/thumbnails/stem-guide.jpg', ARRAY['STEM', 'Workshop', 'Guide', 'High School'], false, NULL, 'all', true, 245, 890, 4.8, 45, '2.1', 'en', ARRAY['Basic teaching experience'], ARRAY['Plan effective STEM workshops', 'Engage students in hands-on learning', 'Assess workshop outcomes'], NULL, 'intermediate', '550e8400-e29b-41d4-a716-446655440020', '550e8400-e29b-41d4-a716-446655440000', '2024-01-01 10:00:00', NULL),
('aa0e8400-e29b-41d4-a716-446655440001', 'Digital Literacy Curriculum', 'Complete curriculum for digital literacy programs in primary schools', 'Curriculum', 'Digital Literacy', 'document', 'https://resources.afroscholarhub.com/digital-curriculum.docx', 'docx', 1048576, 'https://resources.afroscholarhub.com/thumbnails/digital-curriculum.jpg', ARRAY['Digital', 'Literacy', 'Curriculum', 'Primary'], false, NULL, 'all', true, 189, 567, 4.6, 32, '1.5', 'en', ARRAY['Basic computer skills'], ARRAY['Teach fundamental digital skills', 'Promote digital citizenship', 'Prepare students for technology careers'], NULL, 'beginner', '550e8400-e29b-41d4-a716-446655440020', '550e8400-e29b-41d4-a716-446655440000', '2024-01-01 10:00:00', NULL),
('aa0e8400-e29b-41d4-a716-446655440002', 'Mentorship Program Video', 'Introduction video for mentorship programs and best practices', 'Training', 'Mentorship', 'video', 'https://resources.afroscholarhub.com/mentorship-intro.mp4', 'mp4', 52428800, 'https://resources.afroscholarhub.com/thumbnails/mentorship-intro.jpg', ARRAY['Mentorship', 'Video', 'Training', 'Best Practices'], false, NULL, 'ambassadors', false, 67, 234, 4.9, 18, '1.0', 'en', ARRAY['None'], ARRAY['Understand mentorship principles', 'Learn effective communication', 'Build successful mentor relationships'], 25, 'beginner', '550e8400-e29b-41d4-a716-446655440020', '550e8400-e29b-41d4-a716-446655440000', '2024-01-01 10:00:00', NULL),
('aa0e8400-e29b-41d4-a716-446655440003', 'Event Planning Template', 'Template for planning outreach events and community engagement', 'Planning', 'Event Management', 'template', 'https://resources.afroscholarhub.com/event-template.xlsx', 'xlsx', 524288, 'https://resources.afroscholarhub.com/thumbnails/event-template.jpg', ARRAY['Event', 'Planning', 'Template', 'Community'], false, NULL, 'all', true, 156, 445, 4.4, 28, '3.2', 'en', ARRAY['Basic project management'], ARRAY['Plan successful events', 'Manage budgets effectively', 'Coordinate volunteers and resources'], NULL, 'intermediate', '550e8400-e29b-41d4-a716-446655440020', '550e8400-e29b-41d4-a716-446655440000', '2024-01-01 10:00:00', NULL);

-- Insert sample teams with enhanced data structure
INSERT INTO teams (id, name, description, country_code, region, lead_id, status, team_type, target_schools, current_schools, performance_score, goals, settings) VALUES
('bb0e8400-e29b-41d4-a716-446655440000', 'Midwest STEM Team', 'Focused on STEM education in the Midwest region', 'USA', 'Midwest', '550e8400-e29b-41d4-a716-446655440001', 'active', 'specialist', 25, 12, 85, '{"schools_target": 25, "students_target": 5000, "workshops_target": 50}', '{"focus": "STEM", "budget": 50000}'),
('bb0e8400-e29b-41d4-a716-446655440001', 'West Coast Digital Team', 'Digital literacy initiatives on the West Coast', 'USA', 'West', '550e8400-e29b-41d4-a716-446655440001', 'active', 'specialist', 20, 8, 78, '{"schools_target": 20, "students_target": 3000, "workshops_target": 30}', '{"focus": "Digital Literacy", "budget": 35000}'),
('bb0e8400-e29b-41d4-a716-446655440002', 'Nairobi Education Team', 'Comprehensive education support in Nairobi', 'KEN', 'Nairobi', '550e8400-e29b-41d4-a716-446655440002', 'active', 'general', 30, 15, 92, '{"schools_target": 30, "students_target": 6000, "workshops_target": 60}', '{"focus": "General Education", "budget": 60000}'),
('bb0e8400-e29b-41d4-a716-446655440003', 'Lagos Innovation Team', 'Innovation and technology programs in Lagos', 'NGA', 'Lagos', '550e8400-e29b-41d4-a716-446655440003', 'active', 'specialist', 25, 10, 88, '{"schools_target": 25, "students_target": 4000, "workshops_target": 40}', '{"focus": "Innovation", "budget": 45000}');

-- Insert team members
INSERT INTO team_members (id, team_id, ambassador_id, role_in_team, status, joined_at, permissions) VALUES
